SPEC Template,,,,,
1. Feature Context,,,,,
Section,Fill In,,,,
Feature,Beginner-Friendly Competitive Gaming Platform,,,,
Description (Goal / Scope),"A community-first competitive gaming platform for beginners and casual players. It combines rank-based tournaments, simple progression, and social play so users can enter competition without fear, improve over time, and stay engaged through teams and events.",,,,
Client,Beginner and casual players aged 16–30; friend groups; Discord communities; socially motivated players curious about competitive gaming.,,,,
Problem,"Competitive gaming is intimidating for beginners; existing platforms are either too hardcore or too chaotic; players lack fair competition, visible progression, and a social structure that keeps them engaged.",,,,
Solution,"Provide rank-based beginner tournaments, team and clan systems, private and community tournaments, clear progression, and a simple onboarding flow.",,,,
Metrics,Onboarding completion rate; first match rate; first tournament join rate; tournament completion rate; 7-day and 30-day retention; teams created; community tournament participation.,,,,
2. User Stories and Use Cases,,,,,
User Story 1,,,,,
Role,Beginner player,,,,
,,,,,
User Story ID,US-1,,,,
User Story,"As a beginner player, I want to join tournaments for my skill level, so that I can compete without feeling overwhelmed.",,,,
UX / User Flow,"Open platform -> see eligible tournaments -> join rank-based bracket -> play matches -> view results, rewards, and progression.",,,,
Use Case (+ Edges) BDD 1 ,,,,,
,,,,,
Use Case ID,UC-1.1,,,,
Given,"The user has completed onboarding, has a verified account, and has an assigned beginner rank.",,,,
When,The user opens the tournaments page and joins an eligible beginner tournament.,,,,
Then,The system registers the user in the bracket and shows tournament details and start time.,,,,
Input,"Player profile, current rank, tournament rules, tournament capacity.",,,,
Output,"Tournament registration confirmation, bracket entry, countdown/start info.",,,,
State,User state changes from browsing to registered-for-tournament.,,,,
Functional Requirements,,,,,
Req ID,Requirement,,,,
FR-1,The system shall show only tournaments that match the user's eligible rank and region.,,,,
FR-2,The system shall allow a player to register for a tournament with one primary action.,,,,
FR-3,"The system shall confirm registration and display tournament timing, format, and expected next step.",,,,
Non-Functional Requirements,,,,,
Req ID,Requirement,,,,
NFR-1,Tournament eligibility check shall complete in under 2 seconds for 95% of requests.,,,,
NFR-2,The registration flow shall be available on mobile and desktop responsive layouts.,,,,
NFR-3,The system shall prevent duplicate registrations for the same tournament.,,,,
Use Case (+ Edges) BDD 2,,,,,
Field,Fill In,,,,
Use Case ID,UC-1.2,,,,
Given,The user attempts to join a tournament outside their current rank or region.,,,,
When,The system validates eligibility during registration.,,,,
Then,The system blocks registration and explains why the tournament is unavailable.,,,,
Input,"Player rank, tournament requirements, region, rule restrictions.",,,,
Output,Eligibility error message and recommended eligible tournaments.,,,,
State,User remains unregistered and is redirected to available options.,,,,
Functional Requirements,,,,,
Req ID,Requirement,,,,
FR-4,"The system shall validate rank, region, and account status before completing registration.",,,,
FR-5,The system shall show a clear reason when a player is not eligible for a tournament.,,,,
Non-Functional Requirements,,,,,
Req ID,Requirement,,,,
NFR-4,Eligibility validation shall not expose internal logic or sensitive anti-abuse rules.,,,,
NFR-5,Error messages shall be understandable to first-time users.,,,,
User Story 2,,,,,
Role,Social player / team organizer,,,,
,,,,,
User Story ID,US-2,,,,
User Story,"As a social player, I want to create a team and invite friends, so that we can compete together in community tournaments.",,,,
UX / User Flow,Open team hub -> create team -> set name and badge -> invite friends -> team roster forms -> join team tournament.,,,,
Use Case BDD 1,,,,,
,,,,,
Use Case ID,The user is authenticated and has access to team features.,,,,
Given,The user creates a team and sends invite links to friends.,,,,
When,A new team is created and invited users can accept and join the roster.,,,,
Then,"Team name, badge, invite link, invited player accounts.",,,,
Input,"Team record, roster list, invite statuses.",,,,
Output,User becomes team owner; team state changes from non-existent to active.,,,,
State,,,,,
Functional Requirements,,,,,
Req ID,The system shall allow a user to create a team with a unique name.,,,,
FR-6,The system shall generate shareable invites for friend onboarding and team joining.,,,,
FR-7,The system shall display current roster status and pending invites.,,,,
FR-8,The system shall support team ownership and basic team management actions.,,,,
Non-Functional Requirements,,,,,
Req ID,Requirement,,,,
NFR-6,Team creation shall complete in under 3 seconds for 95% of requests.,,,,
NFR-7,Invite links shall be secure and expire or be revocable by the owner.,,,,
Use Case (+ Edges) BDD 2,,,,,
Field,Fill In,,,,
Use Case ID,UC-2.2,,,,
Given,An active team exists with enough eligible members to enter a tournament.,,,,
When,The team owner joins a private or community team tournament.,,,,
Then,The roster is locked for that event and all eligible team members are registered.,,,,
Input,"Team roster, tournament size requirements, eligibility rules.",,,,
Output,"Team registration confirmation, event details, locked roster view.",,,,
State,Team state changes from available to registered-for-event.,,,,
Functional Requirements,,,,,
Req ID,Requirement,,,,
FR-9,The system shall validate team size and player eligibility before team tournament entry.,,,,
FR-10,The system shall lock the roster at registration or at a defined cutoff time.,,,,
Non-Functional Requirements,,,,,
Req ID,Requirement,,,,
NFR-8,Roster lock behavior shall be consistent and auditable.,,,,
NFR-9,Team tournament registration shall handle concurrent updates safely.,,,,
User Story 3,,,,,
,Progress-driven player,,,,
User Story ID,US-3,,,,
User Story,"As a progress-driven player, I want to earn visible badges and level progression, so that I feel recognized even when I am not the top player.",,,,
UX / User Flow,Complete matches and tournaments -> earn points and badges -> view profile progression -> unlock next tournament tier.,,,,
Use Case (+ Edges) BDD 1,,,,,
,,,,,
Use Case ID,The user has completed matches or tournaments that qualify for progression rewards.,,,,
Given,Match and tournament results are finalized.,,,,
When,"The system updates the player's profile with points, badges, and progression status.",,,,
Then,"Match results, participation history, progression rules.",,,,
Input,"Updated profile level, new badge notifications, unlocked tier or season progress.",,,,
Output,Player state changes from previous progression level to updated progression level.,,,,
State,,,,,
Functional Requirements,,,,,
Req ID,The system shall award progression points based on tournament participation and outcomes.,,,,
FR-11,The system shall display earned badges and progression history on the player profile.,,,,
FR-12,The system shall unlock new tournament tiers when progression criteria are met.,,,,
Non-Functional Requirements,,,,,
Req ID,Requirement,,,,
NFR-10,Progression updates shall be processed reliably after event completion.,,,,
NFR-11,Badge and profile data shall load within acceptable profile-view latency targets.,,,,
3. Architecture / Solution,,,,,
3.1 Client Side,,,,,
Area,Fill In,,,,
Client Type,"Web UI first, with responsive mobile web",,,,
User Entry Points,"Landing page, onboarding flow, home/dashboard, tournaments page, team hub, player profile, notifications, admin/moderation dashboard.",,,,
Main Screens / Commands,"Home, Join Tournament, Tournament Details, Team Creation, Team Management, Profile & Progression, Community Tournament Creation, Admin Review.",,,,
Input / Output Format,"Inputs: account data, rank, team info, tournament joins, match results. Outputs: bracket status, invite links, progression updates, notifications, profile history.",,,,
,,,,,
3.2 Backend Services,,,,,
Area,Fill In,,,,
Service Name,Competition Service,,,,
Responsibility,"Manage tournaments, eligibility checks, bracket registration, team entries, progression updates, and notifications.",,,,
Business Logic,"Rank validation, region checks, team validation, bracket state transitions, reward logic, season progression, badge assignment.",,,,
API / Contract,"REST/JSON API for tournaments, team management, registrations, invites, progression, and profile views.",,,,
Request Schema,"{ userId, rank, region, teamId?, tournamentId, action, payload }",,,,
Response Schema,"{ status, message, eligibility, tournamentState, teamState, progressionUpdate, errors[] }",,,,
Error Handling,"Return friendly validation errors for rank mismatch, missing roster, duplicate registration, expired invite, or service unavailability; log all failures for support review.",,,,
3.3 Data Architecture and Flows,,,,,
Area,Fill In,,,,
Main Entities (ER),"User, PlayerProfile, RankTier, Tournament, TournamentBracket, Team, TeamMembership, Invite, Match, MatchResult, Season, Badge, Notification.",,,,
Relationships (ER),User 1:1 PlayerProfile; PlayerProfile many:1 RankTier; Tournament 1:many BracketEntries; Team 1:many TeamMembership; Tournament many:many Teams/Players via registrations; MatchResult updates PlayerProfile and Badge state.,,,,
Data Flow (DFD),User onboarding -> rank assignment -> tournament discovery -> registration -> match completion -> result processing -> progression update -> notification -> profile/team views.,,,,
Input Sources,"User account data, gameplay/match outcomes, tournament configuration, team membership actions, admin moderation input.",,,,
,,,,,
,,,,,
,,,,,
3.4 Infrastructure,,,,,
,,,,,
Required Hardware / Resources,"Cloud-hosted web app; relational database for transactional data; cache for sessions and tournament reads; object storage for profile assets; background worker for notifications and progression processing; monitoring, logging, and basic moderation tooling.",,,,
,,,,,
,,,,,
,,,,,
,,,,,
,,,,,
,,,,,
,,,,,
,,,,,
4. Work Plan,,,,,
Mapping: Use Case → Tasks,,,,,
Use Case,Task ID,Task,Dependencies,DoD,Subtasks
UC-1.1,T-1,Build beginner tournament discovery and registration flow,Onboarding and player rank available,Eligible users can discover and register for beginner tournaments with clear confirmation,"ST-1, ST-2, ST-3"
UC-1.2,T-2,Implement eligibility validation and rejection messaging,T-1,Ineligible joins are blocked with clear reasons and suggested alternatives,"ST-4, ST-5"
UC-2.1,T-3,Build team creation and invite flow,Authentication and profile system available,"Users can create teams, send invites, and see team roster status","ST-6, ST-7, ST-8"
UC-2.2,T-4,Implement team tournament registration and roster lock,T-3 and tournament service available,Eligible teams can register for events and roster lock rules are enforced,"ST-9, ST-10"
UC-3.1,T-5,"Build progression, badges, and unlock logic",Match results pipeline available,"Players receive points, badges, and unlocks after event completion","ST-11, ST-12"
5. Detailed Task Breakdown,,,,,
Task 1,,,,,
Field,Fill In,,,,
Task ID,T-1,,,,
Related Use Case,UC-1.1,,,,
Task Description,Build the beginner tournament discovery page and single-action registration flow.,,,,
Dependencies,"Player onboarding, rank assignment, tournament data model.",,,,
DoD,A ranked beginner player can view eligible tournaments and successfully register.,,,,
,,,,,
Subtasks,,,,,
Subtask ID,Description,Dependencies,Acceptance Criteria,,
ST-1,Create tournament listing UI and API integration.,Tournament service endpoint available,Eligible tournaments render correctly with key metadata,,
ST-2,Implement join action and registration confirmation state.,ST-1,User can register and sees confirmation without page errors,,
ST-3,"Add tournament details view with timing, rules, and bracket summary.",ST-1,Tournament details are visible before and after registration,,
Task 2,,,,,
Field,Fill In,,,,
Task ID,T-2,,,,
Related Use Case,UC-1.2,,,,
Task Description,Implement eligibility validation and helpful rejection messaging for invalid tournament joins.,,,,
Dependencies,T-1,,,,
DoD,Ineligible users are blocked and receive understandable guidance.,,,,
,,,,,
Subtasks,,,,,
Subtask ID,Description,Dependencies,Acceptance Criteria,,
ST-4,Add rank and region validation checks in registration flow.,T-1,Invalid registrations are rejected correctly,,
ST-5,Display contextual error states and suggested eligible tournaments.,ST-4,Users understand why they were blocked and what they can join instead,,
Task 3,,,,,
Field,Fill In,,,,
Task ID,T-3,,,,
Related Use Case,UC-2.1,,,,
Task Description,"Build team creation, invite generation, and roster management flow.",,,,
Dependencies,Authentication and basic profile data.,,,,
DoD,"A user can create a team, invite friends, and manage roster membership.",,,,
,,,,,
Subtasks,,,,,
Subtask ID,Description,Dependencies,Acceptance Criteria,,
ST-6,"Create team setup form with name, badge, and owner controls.",Profile system available,Team is created and shown in team hub,,
ST-7,Implement invite links and invite acceptance flow.,ST-6,Friends can join through valid invites,,
ST-8,"Show roster members, pending invites, and owner actions.","ST-6, ST-7",Roster view reflects live team state,,
Task 4,,,,,
Field,Fill In,,,,
Task ID,T-4,,,,
Related Use Case,UC-2.2,,,,
Task Description,Implement team tournament registration and roster lock rules.,,,,
Dependencies,T-3 and tournament service.,,,,
DoD,Eligible teams can enter events and the registered roster is locked consistently.,,,,
,,,,,
Subtasks,,,,,
Subtask ID,Description,Dependencies,Acceptance Criteria,,
ST-9,"Validate team size, player eligibility, and tournament requirements.","T-3, T-1",Only valid teams can register,,
ST-10,Implement roster lock behavior and team registration confirmation.,ST-9,Roster is locked as defined and visible to team members,,
Task 5,,,,,
Field,Fill In,,,,
Task ID,T-5,,,,
Related Use Case,UC-3.1,,,,
Task Description,"Build progression points, badges, and tournament tier unlock logic.",,,,
Dependencies,Match result processing and player profile service.,,,,
DoD,Players receive visible progression updates after event completion.,,,,
,,,,,
Subtasks,,,,,
Subtask ID,Description,Dependencies,Acceptance Criteria,,
ST-11,Define progression rules and badge criteria.,Product rules approved,Rules are documented and testable,,
ST-12,Implement progression calculation and profile update pipeline.,ST-11,Player progression updates correctly after results finalize,,